,R,a,b,c,d,e,f,g,h,i,j,k,l,m,n,o,r,s,t,u,w,y,æ,ï,þ
R,0.737,0.0,0.0,0.0,0.0,0.0,0.0,0.0,0.0,0.0,0.0,0.0,0.0,0.211,0.053,0.0,0.0,0.0,0.0,0.0,0.0,0.0,0.0,0.0,0.0
a,0.022,0.73,0.022,0.0,0.0,0.045,0.0,0.0,0.101,0.0,0.0,0.011,0.011,0.0,0.0,0.011,0.0,0.0,0.011,0.011,0.0,0.0,0.022,0.0,0.0
b,0.0,0.0,0.889,0.0,0.0,0.0,0.0,0.0,0.0,0.0,0.0,0.0,0.111,0.0,0.0,0.0,0.0,0.0,0.0,0.0,0.0,0.0,0.0,0.0,0.0
d,0.0,0.0,0.0,0.0,0.333,0.0,0.0,0.333,0.0,0.0,0.0,0.0,0.0,0.0,0.0,0.0,0.0,0.0,0.0,0.0,0.0,0.0,0.0,0.0,0.333
e,0.0,0.053,0.0,0.0,0.0,0.789,0.0,0.0,0.0,0.0,0.0,0.0,0.105,0.053,0.0,0.0,0.0,0.0,0.0,0.0,0.0,0.0,0.0,0.0,0.0
f,0.0,0.0,0.0,0.0,0.0,0.0,0.765,0.0,0.059,0.0,0.0,0.059,0.0,0.0,0.059,0.0,0.0,0.0,0.0,0.0,0.059,0.0,0.0,0.0,0.0
g,0.0,0.0,0.0,0.0,0.0,0.0,0.0,0.714,0.0,0.0,0.0,0.286,0.0,0.0,0.0,0.0,0.0,0.0,0.0,0.0,0.0,0.0,0.0,0.0,0.0
h,0.0,0.0,0.0,0.0,0.0,0.0,0.0,0.0,0.8,0.0,0.0,0.0,0.0,0.0,0.1,0.0,0.0,0.0,0.0,0.0,0.0,0.0,0.0,0.1,0.0
i,0.0,0.0,0.015,0.0,0.0,0.015,0.0,0.0,0.03,0.697,0.0,0.152,0.015,0.015,0.015,0.0,0.015,0.015,0.0,0.0,0.0,0.0,0.0,0.015,0.0
j,0.0,0.0,0.0,0.0,0.0,0.0,0.0,0.0,0.0,0.0,1.0,0.0,0.0,0.0,0.0,0.0,0.0,0.0,0.0,0.0,0.0,0.0,0.0,0.0,0.0
k,0.0,0.03,0.0,0.0,0.0,0.0,0.0,0.0,0.0,0.0,0.03,0.909,0.03,0.0,0.0,0.0,0.0,0.0,0.0,0.0,0.0,0.0,0.0,0.0,0.0
l,0.05,0.0,0.0,0.0,0.0,0.15,0.0,0.0,0.0,0.0,0.0,0.0,0.55,0.05,0.0,0.0,0.05,0.0,0.05,0.0,0.0,0.0,0.0,0.1,0.0
m,0.174,0.0,0.0,0.0,0.0,0.0,0.0,0.0,0.0,0.0,0.0,0.043,0.0,0.783,0.0,0.0,0.0,0.0,0.0,0.0,0.0,0.0,0.0,0.0,0.0
n,0.0,0.091,0.0,0.0,0.0,0.0,0.0,0.0,0.045,0.0,0.0,0.045,0.0,0.0,0.727,0.0,0.0,0.0,0.0,0.091,0.0,0.0,0.0,0.0,0.0
o,0.0,0.143,0.0,0.0,0.0,0.143,0.0,0.0,0.143,0.0,0.0,0.0,0.0,0.0,0.0,0.429,0.143,0.0,0.0,0.0,0.0,0.0,0.0,0.0,0.0
r,0.018,0.0,0.018,0.0,0.0,0.055,0.0,0.0,0.018,0.0,0.0,0.036,0.036,0.0,0.0,0.0,0.8,0.0,0.0,0.018,0.0,0.0,0.0,0.0,0.0
s,0.0,0.0,0.0,0.024,0.0,0.049,0.0,0.0,0.024,0.0,0.024,0.024,0.0,0.0,0.024,0.0,0.0,0.829,0.0,0.0,0.0,0.0,0.0,0.0,0.0
t,0.023,0.023,0.0,0.0,0.0,0.047,0.0,0.0,0.0,0.0,0.0,0.023,0.023,0.023,0.023,0.0,0.0,0.0,0.767,0.0,0.047,0.0,0.0,0.0,0.0
u,0.0,0.035,0.0,0.0,0.0,0.0,0.0,0.0,0.018,0.0,0.0,0.018,0.088,0.0,0.0,0.0,0.0,0.0,0.0,0.789,0.018,0.0,0.018,0.018,0.0
w,0.0,0.0,0.0,0.0,0.0,0.0,0.0,0.0,0.0,0.0,0.0,0.0,0.0,0.0,0.0,0.0,0.0,0.0,0.0,0.0,1.0,0.0,0.0,0.0,0.0
y,0.0,0.0,0.0,0.0,0.0,0.0,0.0,0.0,0.0,1.0,0.0,0.0,0.0,0.0,0.0,0.0,0.0,0.0,0.0,0.0,0.0,0.0,0.0,0.0,0.0
þ,0.026,0.026,0.026,0.0,0.0,0.0,0.0,0.0,0.0,0.0,0.0,0.0,0.026,0.0,0.0,0.0,0.0,0.0,0.0,0.0,0.026,0.0,0.0,0.0,0.868
